"Press 1, x","Press 1, y","Release 1, x","Release 1, y","Press 2, x","Press 2, y","Release 2, x","Release 2, y","Press 3, x","Press 3, y","Release 3, x","Release 3, y","Press 4, x","Press 4, y","Release 4, x","Release 4, y"
"-1.0762879062934188","0.05304561616982312","2.7337120937065813","624.3812270006042","-1.0794680538505235","0.052653741235056124","2.7404538211494764","614.7587557898978","-1.093346142854334","0.05313870990432638","2.726575732145666","628.6461800406438","-1.0981800001687771","0.052653741235056124","2.721741874831223","619.9144346191637"
"-1.066366031293419","0.052653741235056124","2.7634777187065813","630.5482964427603","-1.109233678850524","0.053556376799085655","2.7702194461494765","625.9443849435199","-1.1231117678543345","0.05453423199345098","2.746419482145666","635.6535154366759","-1.1378675001687775","0.054015475922169646","2.741585624831223","625.6668558490935"
"-1.056444156293419","0.052653741235056124","2.773399593706581","634.2867120704492","-1.1191555538505238","0.053451525193163034","2.7801413211494763","629.4294044415153","-1.1280727053543345","0.05379778849225761","2.7662632321456657","635.0139918712584","-1.1477893751687773","0.05302084899267105","2.761429374831223","631.6211164204245"
"-1.0465222812934183","0.052653741235056124","2.783321468706581","642.3203566393879","-1.1241164913505237","0.05315937895498304","2.7900631961494766","634.5328683107231","-1.1255922366043345","0.053691253377618806","2.776185107145666","642.8133272917011","-1.1577112501687772","0.05417259915529812","2.771351249831223","642.3657704912031"
"-1.0266785312934186","0.05378203569009304","2.803165218706581","647.9207401915015","-1.1216360226005238","0.05295519395205072","2.7999850711494765","637.8921770015197","-1.1231117678543345","0.055102752455291296","2.786106982145666","652.8636101499425","-1.1477893751687773","0.052653741235056124","2.7812731248312232","644.4883744347413"
"-1.0167566562934187","0.052653741235056124","2.813087093706581","652.4292167847532","-1.1191555538505238","0.052653741235056124","2.809906946149477","638.8412606872815","-1.1131898928543347","0.055533242708848254","2.5891804239678096","655.1573387524945","-1.1577112501687772","0.054299170648651626","2.791194999831223","645.5984908124472"
"-1.0068347812934189","0.052653741235056124","2.612600663684198","653.2012522656122","-1.109233678850524","0.052653741235056124","2.6118418453334016","640.6397150363414","-1.103268017854334","0.055751020131235896","2.3922538657899532","530.4634232920841","-1.1477893751687773","0.052653741235056124","2.38377088510395","623.182377019358"
"-0.996912906293419","0.052653741235056124","2.412114233661814","554.9297623183124","-1.099311803850524","0.052653741235056124","2.413776744517327","560.3878059290392","-1.0834242678543342","0.053303787423143234","2.382331990789953","366.69481792796853","-1.1577112501687772","0.0536175911007606","2.3738490101039496","583.7245023541644"
"-0.9770691562934193","0.052653741235056124","2.4021923586618144","428.55332794226246","-1.0893899288505233","0.052653741235056124","2.403854869517327","418.18045186286184","-1.0735023928543335","0.053265994040114915","2.372410115789953","336.60665303712824","-1.1477893751687773","0.052653741235056124","2.38377088510395","535.4110122115351"
"-0.9671472812934194","0.052653741235056124","2.392270483661814","357.94270373597425","-1.0794680538505235","0.052653741235056124","2.3939329945173267","340.96280603977124","-1.0635805178543336","0.052653741235056124","2.3624882407899532","330.6081279885801","-1.1577112501687772","0.052653741235056124","2.3738490101039496","514.8358665671977"
"-0.9572254062934187","0.054352249016832124","2.382348608661814","336.6237136885746","-1.0695461788505236","0.052653741235056124","2.384011119517327","327.632750376331","-1.0536586428543337","0.05829521351024071","2.3525663657899534","309.41879889217296","-1.1577112501687772","0.052653741235056124","2.38377088510395","500.5458649157077"
"-0.9473035312934188","0.052653741235056124","2.372426733661814","324.991761532431","-1.0596243038505229","0.052653741235056124","2.374089244517327","318.9113453569402","-1.033814892854334","0.052653741235056124","2.3426444907899535","295.22661164230885","-1.1577112501687772","0.05385041717221649","2.38377088510395","474.60343832633833"
"-0.937381656293419","0.052653741235056124","2.362504858661814","311.65033210135977","-1.049702428850523","0.052653741235056124","2.364167369517327","311.6912776648311","-1.0238930178543342","0.052653741235056124","2.332722615789953","278.6755049857915","-1.1477893751687773","0.05280860517986511","2.38377088510395","453.5676550929486"
"-0.9076160312934185","0.052653741235056124","2.352582983661814","300.77757893458016","-1.0397805538505231","0.052653741235056124","2.354245494517327","299.19264441521125","-1.0139711428543343","0.052653741235056124","2.322800740789953","265.7776524923263","-1.1378675001687775","0.05304473436303921","2.3738490101039496","426.3798009479933"
"-0.8976941562934186","0.052653741235056124","2.3426611086618143","288.6416551347104","-1.0298586788505233","0.052653741235056124","2.344323619517327","281.086743723547","-1.0040492678543345","0.052653741235056124","2.312878865789953","257.3292178960777","-1.108101875168777","0.05557894908144813","2.3639271351039497","335.27933435459965"
"-0.8778504062934189","0.05369295981206382","2.3327392336618145","277.12639783446","-1.0199368038505234","0.052653741235056124","2.3344017445173266","273.3218725619167","-0.9941273928543346","0.052653741235056124","2.302956990789953","252.8934485200182","-1.0981800001687771","0.052653741235056124","2.35400526010395","316.5592502108656"
"-0.8679285312934191","0.054202380683146","2.322817358661814","268.0740161770094","-1.0100149288505236","0.052653741235056124","2.3244798695173268","261.6448802859546","-0.9842055178543347","0.0543857721967356","2.2930351157899533","249.6496499916793","-1.0882581251687764","0.052653741235056124","2.34408338510395","304.1572939861086"
"-0.8580066562934192","0.05407681532249007","2.312895483661814","252.0813615111704","-0.9901711788505239","0.054249309151269944","2.314557994517327","250.95808821994058","-0.974283642854334","0.052653741235056124","2.2831132407899535","235.70086136911692","-1.0783362501687765","0.052653741235056124","2.3341615101039497","297.0122931603635"
"-0.8381629062934195","0.05512188535544938","2.302973608661814","237.5279434013482","-0.980249303850524","0.052653741235056124","2.304636119517327","245.34581632013854","-0.9544398928543343","0.052653741235056124","2.273191365789953","222.498191903143","-1.0684143751687767","0.052653741235056124","2.32423963510395","287.0625212368332"
"-0.8282410312934188","0.052653741235056124","2.293051733661814","231.45503391249386","-0.9703274288505241","0.052653741235056124","2.2947142445173268","239.62708595531112","-0.9345961428543337","0.052653741235056124","2.2632694907899533","213.1717024457872","-1.0584925001687768","0.052653741235056124","2.3143177601039495","272.5950888103008"
"-0.808397281293419","0.052653741235056124","2.2831298586618143","222.82916854120282","-0.9604055538505234","0.05407681532249007","2.284792369517327","232.1442842309277","-0.9246742678543338","0.052653741235056124","2.253347615789953","203.59840223084038","-1.048570625168777","0.052653741235056124","2.3043958851039497","255.89612317458153"
"-0.7984754062934183","0.052653741235056124","2.2732079836618144","216.19598725884927","-0.9504836788505235","0.052653741235056124","2.2748704945173266","223.17379370041974","-0.914752392854334","0.05469314670542802","2.243425740789953","191.4239213587018","-1.0386487501687771","0.05320221770625463","2.29447401010395","242.575166525246"
"-0.7885535312934184","0.052653741235056124","2.2533642336618143","209.84601279050568","-0.9405618038505237","0.052653741235056124","2.2649486195173267","206.8194532239174","-0.9048305178543341","0.052653741235056124","2.2335038657899533","185.89740766683693","-1.0188050001687774","0.052653741235056124","2.28455213510395","233.40677243796003"
"-0.7786316562934186","0.052653741235056124","2.243442358661814","200.31661531861423","-0.9207180538505231","0.054158133841772","2.255026744517327","192.91843442540488","-0.8849867678543344","0.052653741235056124","2.2235819907899534","180.82243254991965","-0.9989612501687768","0.052653741235056124","2.27463026010395","226.01041134757162"
"-0.7687097812934187","0.052653741235056124","2.233520483661814","194.23210458677636","-0.9107961788505232","0.052653741235056124","2.245104869517327","187.68422656165473","-0.8750648928543345","0.053365278278773104","2.213660115789953","173.95040214731674","-0.9890393751687769","0.05442574214200513","2.26470838510395","218.15113791460473"
"-0.748866031293419","0.054202380683146","2.2235986086618142","183.26210570675235","-0.9008743038505234","0.052653741235056124","2.2351829945173267","182.88335924464266","-0.8651430178543347","0.05351691732087672","2.2037382407899533","157.56194036792164","-0.9791175001687771","0.052653741235056124","2.2547865101039495","214.1134504056275"
"-0.7389441562934191","0.05655401836357879","2.2136767336618144","174.58847051141146","-0.8909524288505235","0.052653741235056124","2.225261119517327","176.7892945479948","-0.8552211428543339","0.05322606450935021","2.193816365789953","151.1471354240818","-0.9691956251687763","0.052653741235056124","2.2448646351039496","211.62032054092947"
"-0.7290222812934193","0.055812965709159494","2.203754858661814","163.36938612027026","-0.8810305538505236","0.05385041717221649","2.2153392445173266","171.6438020717658","-0.8353773928543342","0.05528642829680893","2.183894490789953","143.68480648143407","-0.9592737501687765","0.05353130358897372","2.2349427601039498","201.60230601161362"
"-0.7191004062934194","0.052653741235056124","2.1938329836618142","148.15196745615486","-0.8611868038505239","0.05504709310937685","2.2054173695173267","161.8396143739113","-0.8254555178543335","0.052653741235056124","2.1739726157899533","135.31826301212803","-0.9394300001687768","0.05287313182353552","2.22502088510395","186.84825464078196"
"-0.6992566562934188","0.052653741235056124","2.173989233661814","137.21404260085006","-0.8512649288505241","0.05283162549598537","2.195495494517327","149.20017388102062","-0.8155336428543336","0.055370005663848705","2.1640507407899534","128.10306979186075","-0.9295081251687769","0.05347645594185387","2.21509901010395","175.86460723960087"
"-0.689334781293419","0.054352249016832124","2.164067358661814","129.13775768148517","-0.8413430538505233","0.052653741235056124","2.185573619517327","140.8026937637585","-0.8056117678543337","0.052653741235056124","2.1442069907899532","123.95928127912651","-0.919586250168777","0.05723232742940883","2.2051771351039497","169.35358022160344"
"-0.6794129062934182","0.052653741235056124","2.1541454836618144","121.89494245411423","-0.8314211788505235","0.05353130358897372","2.175651744517327","131.52738626074182","-0.785768017854334","0.05448199613905113","2.134285115789953","108.27371833932239","-0.9096643751687772","0.052653741235056124","2.19525526010395","154.71622370666503"
"-0.6694910312934184","0.05388781329525275","2.134301733661814","113.2963741251374","-0.8115774288505229","0.052653741235056124","2.165729869517327","124.26637300516141","-0.7758461428543342","0.053512226146497255","2.124363240789953","102.11368579041518","-0.8898206251687775","0.05385041717221649","2.1853333851039496","142.65434313407255"
"-0.6496472812934186","0.052653741235056124","2.124379858661814","105.95619944684577","-0.801655553850523","0.05362881051718679","2.1558079945173265","114.0231578767533","-0.7659242678543343","0.052653741235056124","2.1045194907899534","95.58059366321375","-0.8798987501687776","0.05300950975691461","2.1754115101039497","139.07843059091076"
"-0.6397254062934188","0.052653741235056124","2.114457983661814","101.99994811410596","-0.7917336788505231","0.052653741235056124","2.1458861195173267","107.23643073138231","-0.7560023928543345","0.05388781329525275","2.0945976157899535","90.56135000768799","-0.8699768751687769","0.054299170648651626","2.15556776010395","137.59529129183858"
"-0.6298035312934189","0.052653741235056124","2.104536108661814","96.5735235773932","-0.7818118038505233","0.054015475922169646","2.126042369517327","104.61591466921796","-0.7361586428543347","0.052653741235056124","2.084675740789953","87.61326943775308","-0.860055000168777","0.052653741235056124","2.1456458851039497","127.24288799417363"
"-0.6198816562934191","0.05446938748454082","2.0846923586618145","93.75169182816153","-0.7718899288505234","0.052653741235056124","2.116120494517327","100.60666157931804","-0.726236767854334","0.052653741235056124","2.064831990789953","85.39879688001263","-0.8501331251687771","0.052653741235056124","2.13572401010395","122.72067798411915"
"-0.6099597812934192","0.052653741235056124","2.074770483661814","88.03637359362337","-0.7520461788505237","0.0548116814496076","2.106198619517327","93.86997901152311","-0.7163148928543341","0.052653741235056124","2.054910115789953","80.5774567812649","-0.8402112501687764","0.052653741235056124","2.1258021351039496","117.17710364080791"
"-0.6000379062934194","0.054299170648651626","2.064848608661814","79.83292995214477","-0.7421243038505239","0.052653741235056124","2.0863548695173266","90.88940196264272","-0.7063930178543343","0.054158133841772","2.0449882407899533","73.17995831411342","-0.8302893751687765","0.05576509867167308","2.1158802601039497","106.37930360271605"
"-0.5901160312934195","0.052653741235056124","2.054926733661814","75.75839143604338","-0.732202428850524","0.052653741235056124","2.0764329945173268","85.46430978156673","-0.6865492678543337","0.052653741235056124","2.025144490789953","69.85654341235809","-0.8203675001687767","0.05307836818050012","2.10595838510395","98.70269287790175"
"-0.5801941562934188","0.054299170648651626","2.0251611086618144","73.13218849006356","-0.7222805538505241","0.052653741235056124","2.066511119517327","79.40709609204306","-0.6766273928543338","0.05341683893411491","2.005300740789953","66.88116580010897","-0.800523750168777","0.053621640890112295","2.09603651010395","93.6943680393017"
"-0.5702722812934189","0.05954887401583728","2.015239233661814","69.74394311281198","-0.7024368038505235","0.052653741235056124","2.056589244517327","74.16606396771434","-0.666705517854334","0.052653741235056124","1.9953788657899532","62.91695283002752","-0.7906018751687771","0.05726094359312353","2.07619276010395","85.83100004998765"
"-0.560350406293419","0.052653741235056124","1.985473608661814","66.37821779546961","-0.6925149288505237","0.052653741235056124","2.0268236195173266","71.85605176187413","-0.6567836428543341","0.05411634515825212","1.975535115789953","63.795917592545145","-0.7806800001687773","0.05362881051718679","2.0662708851039495","82.32105535908521"
"-0.5504285312934183","0.052653741235056124","1.9755517336618142","62.974276618887366","-0.6825930538505229","0.05342806095910106","2.0169017445173267","68.47121851491183","-0.6468617678543342","0.05411634515825212","1.9556913657899533","58.69683008825033","-0.7707581251687774","0.05446938748454082","2.0563490101039497","78.95328276356929"
"-0.5305847812934186","0.052653741235056124","1.9656298586618144","60.17632978168062","-0.6726711788505231","0.05616399065072653","2.006979869517327","67.05518444486208","-0.6369398928543344","0.052653741235056124","1.945769490789953","55.84701887064658","-0.7608362501687775","0.052653741235056124","2.04642713510395","76.24746344417301"
"-0.5206629062934187","0.052653741235056124","1.9457861086618142","56.798320795296874","-0.6528274288505234","0.052653741235056124","1.9871361195173267","63.96379440277755","-0.6270180178543345","0.05411634515825212","1.9358476157899531","54.24377258539185","-0.7509143751687768","0.052653741235056124","2.03650526010395","74.8848860819886"
"-0.5107410312934189","0.05440886594289132","1.925942358661814","55.27651068627954","-0.6429055538505235","0.05385041717221649","1.9772142445173269","61.32508031240372","-0.6170961428543347","0.05320682675223108","1.9259257407899533","52.727649360189986","-0.7409925001687769","0.054603879799317454","2.02658338510395","72.44123210648506"
"-0.500819156293419","0.052653741235056124","1.9160204836618142","52.292943961336164","-0.6329836788505236","0.05341683893411491","1.967292369517327","58.40543416154611","-0.6071742678543339","0.052653741235056124","1.9160038657899534","52.53145186855659","-0.7310706251687771","0.052653741235056124","2.01666151010395","70.8822297773146"
"-0.49089728129341914","0.052653741235056124","1.8862548586618142","51.888265309027965","-0.6230618038505238","0.05418947535441193","1.9573704945173267","57.972093614807996","-0.5972523928543341","0.052653741235056124","1.906081990789953","52.35572715865885","-0.7211487501687763","0.052653741235056124","1.9968177601039496","70.2735057337077"
"-0.4809754062934193","0.052653741235056124","1.8763329836618143","49.83757500517278","-0.6032180538505241","0.052653741235056124","1.937526744517327","55.81221514169596","-0.5873305178543342","0.052653741235056124","1.8961601157899532","51.23313629348687","-0.7112268751687765","0.052653741235056124","1.9868958851039498","69.0273957520639"
"-0.4710535312934194","0.05375069417745312","1.866411108661814","48.9777181722751","-0.5932961788505233","0.052653741235056124","1.9276048695173267","54.82610948809504","-0.5774086428543335","0.052653741235056124","1.8663944907899532","49.52593377208552","-0.7013050001687766","0.052653741235056124","1.97697401010395","65.34570716993454"
"-0.4313660312934182","0.052653741235056124","1.8564892336618142","47.2539099501326","-0.5833743038505235","0.052653741235056124","1.9176829945173268","52.32160585576608","-0.5674867678543336","0.053798387783644305","1.8564726157899534","47.47296871470416","-0.6913831251687768","0.052653741235056124","1.9670521351039496","63.26635497164943"
"-0.42144415629341836","0.052653741235056124","1.8267236086618142","46.58240270920299","-0.5734524288505236","0.05528642829680893","1.8978392445173267","52.15441147159154","-0.5575648928543337","0.052653741235056124","1.846550740789953","46.06375890523295","-0.6814612501687769","0.05407681532249007","1.9571302601039497","59.65495627347917"
"-0.3916785312934188","0.052653741235056124","1.8168017336618143","45.84026437128534","-0.553608678850523","0.052653741235056124","1.8879173695173268","49.70791405418027","-0.5476430178543339","0.052653741235056124","1.816785115789953","45.927273693661895","-0.671539375168777","0.052653741235056124","1.94720838510395","57.057642697281885"
"-0.38175665629341893","0.05346379879251852","1.7870361086618143","43.95676845160471","-0.5436868038505231","0.052653741235056124","1.877995494517327","48.3521609525744","-0.537721142854334","0.05314491419433836","1.8068632407899532","44.93093164919315","-0.6616175001687772","0.053636087153620594","1.9372865101039496","55.22464630588254"
"-0.37183478129341907","0.054029025521046395","1.7671923586618141","42.536981038236746","-0.5337649288505233","0.052653741235056124","1.848229869517327","47.778923063975945","-0.5277992678543342","0.052653741235056124","1.7969413657899533","44.07448694658475","-0.6516956251687773","0.052653741235056124","1.9273646351039497","54.84794712194641"
"-0.35199103129341935","0.053019392215855124","1.7572704836618143","40.22219184999156","-0.5139211788505236","0.05323878280433452","1.8283861195173268","45.86756141359955","-0.5079555178543345","0.05813850594704114","1.7770976157899532","42.74034400347763","-0.6417737501687775","0.052653741235056124","1.90752088510395","54.83975800925215"
"-0.33214728129341875","0.05353130358897372","1.7275048586618142","40.256313152884324","-0.49407742885052386","0.053385043196654124","1.808542369517327","45.87950386961202","-0.4980336428543346","0.05362881051718679","1.757253865789953","40.85514201865235","-0.6318518751687776","0.052653741235056124","1.8975990101039497","54.19145325428961"
"-0.3222254062934189","0.05450124092751424","1.707661108661814","37.958487126648684","-0.484155553850524","0.052653741235056124","1.788698619517327","43.6445585301359","-0.48811176785433474","0.053493960510083614","1.7473319907899532","38.48609995880767","-0.6219300001687769","0.054352249016832124","1.8876771351039499","51.90873809076363"
"-0.31230353129341903","0.0547105280020505","1.6977392336618142","37.66309413303417","-0.47423367885052414","0.052653741235056124","1.7787767445173266","42.39230671397142","-0.478189892854334","0.05353130358897372","1.7374101157899533","39.13713441800163","-0.612008125168777","0.052653741235056124","1.8678333851039497","50.55685207015227"
"-0.29245978129341843","0.05407681532249007","1.677895483661814","36.74181895492951","-0.4643118038505234","0.05594460006224713","1.7688548695173267","40.28588494872472","-0.4583461428543343","0.053156162430047116","1.7076444907899533","38.95970364295925","-0.6020862501687771","0.05649307653344564","1.8579115101039498","49.250688595417216"
"-0.2825379062934186","0.05584487706748376","1.6580517336618144","35.22342097620147","-0.45438992885052354","0.05442196388847218","1.7291673695173269","40.19489480767735","-0.44842426785433354","0.05369845832305326","1.697722615789953","37.41742075220626","-0.5921643751687764","0.05388781329525275","1.84798963510395","47.38084119689369"
"-0.2726160312934187","0.05328057148785441","1.648129858661814","32.63361408664059","-0.4444680538505237","0.05300950975691461","1.719245494517327","39.32138945362256","-0.4385023928543337","0.052653741235056124","1.6878007407899531","35.822818530351036","-0.5822425001687765","0.052653741235056124","1.8380677601039497","47.23753172474407"
"-0.252772281293419","0.054299170648651626","1.618364233661814","32.40158922696979","-0.43454617885052294","0.053927622071388126","1.7093236195173267","37.465190576256134","-0.4285805178543338","0.054202380683146","1.6679569907899534","34.84194480986035","-0.5723206251687767","0.052653741235056124","1.7983802601039498","46.24118968027533"
"-0.23292853129341928","0.052653741235056124","1.6084423586618142","30.158682250152022","-0.4246243038505231","0.052653741235056124","1.689479869517327","37.156733998105544","-0.41865864285433396","0.052653741235056124","1.6828398032899532","34.69454078136361","-0.5623987501687768","0.05492329904691199","1.78845838510395","43.952787632933884"
"-0.22300665629341943","0.052653741235056124","1.5985204836618143","28.37982499267587","-0.4147024288505232","0.052653741235056124","1.6795579945173267","35.677234304675245","-0.4087367678543341","0.0528203669984582","1.6704374595399532","34.66383160876012","-0.552476875168777","0.052653741235056124","1.7686146351039498","43.79810439315335"
"-0.20316290629341882","0.05453423199345098","1.5786767336618142","29.985800982162015","-0.40478055385052336","0.05446938748454082","1.6696361195173268","34.25323859728384","-0.39881489285433425","0.05324314878619481","1.658035115789953","33.84560276539161","-0.5425550001687771","0.054352249016832124","1.7487708851039496","42.078390727357984"
"-0.18331915629341822","0.05335579111819019","1.558832983661814","27.363578854853014","-0.3948586788505235","0.053451525193163034","1.6497923695173267","33.66748956429137","-0.3888930178543344","0.052653741235056124","1.6481132407899532","32.913408770361265","-0.5326331251687773","0.052653741235056124","1.7388490101039498","40.734011393383035"
"-0.17339728129341836","0.052653741235056124","1.5489111086618141","26.078911800940407","-0.38493680385052365","0.052653741235056124","1.629948619517327","31.289234752665642","-0.37897114285433453","0.05453423199345098","1.6381913657899534","32.98847563672535","-0.5227112501687774","0.054496622178283084","1.69916151010395","39.25655897812631"
"-0.1634754062934185","0.052653741235056124","1.5389892336618143","24.935848154032772","-0.3750149288505238","0.05360367986558548","1.6200267445173266","29.467157178191986","-0.3591273928543339","0.05332878919960812","1.6183476157899532","31.637272042171848","-0.5127893751687775","0.052653741235056124","1.6892396351039496","36.192465978356"
"-0.15355353129341864","0.05407681532249007","1.5092236086618143","23.266179065813464","-0.36509305385052393","0.054158133841772","1.5902611195173266","28.795649937262368","-0.34920551785433407","0.05383697137516975","1.6084257407899534","29.398914572406454","-0.5028675001687768","0.053717453179198675","1.65947401010395","36.72817043377241"
"-0.13370978129341893","0.05356786868705363","1.499301733661814","21.291693005085456","-0.33532742885052347","0.052653741235056124","1.5803392445173268","26.983126327598683","-0.3392836428543342","0.05369295981206382","1.598503865789953","29.105471367528676","-0.49294562516877694","0.052653741235056124","1.6495521351039497","35.46795698026628"
"-0.12378790629341907","0.05411634515825212","1.4794579836618142","22.18703599299161","-0.3254055538505236","0.05423335347210781","1.560495494517327","26.832992594870515","-0.32936176785433346","0.05544598508843031","1.568738240789953","27.498358001279435","-0.4830237501687771","0.052653741235056124","1.6396302601039499","34.57511622123893"
"-0.10394415629341935","0.052653741235056124","1.4496923586618142","20.727554130591738","-0.31548367885052286","0.05448199613905113","1.540651744517327","24.324394406194422","-0.30951801785433375","0.05407681532249007","1.5588163657899532","25.952662980237175","-0.4631800001687765","0.053095467252128735","1.6197865101039497","34.69454078136361"
"-0.0940222812934195","0.052653741235056124","1.439770483661814","19.112479127000853","-0.305561803850523","0.052653741235056124","1.5307298695173266","22.917573087925714","-0.2995961428543339","0.05359398661425355","1.5488944907899533","26.40078942489549","-0.4532581251687766","0.052653741235056124","1.6098646351039498","32.14226732498477"
"-0.08410040629341875","0.055161062246249275","1.429848608661814","19.86542254416787","-0.2857180538505233","0.05458954054516847","1.5208079945173267","23.598293080636378","-0.28967426785433403","0.055751020131235896","1.5191288657899533","23.564171777743613","-0.4334143751687769","0.052653741235056124","1.59994276010395","30.640929997703108"
"-0.07417853129341889","0.052653741235056124","1.380239233661814","17.58611951093116","-0.27579617885052343","0.052653741235056124","1.4910423695173267","21.672335095133636","-0.2797523928543342","0.052653741235056124","1.509206990789953","21.496420822442044","-0.42349250016877704","0.052653741235056124","1.5900208851039497","29.41711260061593"
"-0.06425665629341903","0.052653741235056124","1.370317358661814","18.150827073806422","-0.2658743038505236","0.054595887428152454","1.4811204945173269","20.732103637644105","-0.2698305178543343","0.052653741235056124","1.4992851157899532","22.19931966203301","-0.4135706251687772","0.05347645594185387","1.5602552601039497","28.313857140416523"
"-0.05433478129341829","0.052653741235056124","1.3504736086618143","17.16301535506087","-0.24603055385052386","0.052653741235056124","1.4711986195173266","20.244169006277563","-0.2499867678543346","0.052653741235056124","1.4695194907899531","21.032371103100438","-0.4036487501687773","0.052653741235056124","1.5503333851039498","27.829334639339258"
"-0.03449103129341857","0.052653741235056124","1.3306298586618142","16.965111798282834","-0.236108678850524","0.052653741235056124","1.4315111195173267","18.736007418417344","-0.24006489285433474","0.05407681532249007","1.4595976157899533","20.31582374235237","-0.39372687516877747","0.052653741235056124","1.54041151010395","26.638501168381755"
"-0.024569156293418715","0.052653741235056124","1.3207079836618143","16.49651257188886","-0.22618680385052414","0.052653741235056124","1.4215892445173268","18.125236096636847","-0.230143017854334","0.052653741235056124","1.4397538657899531","19.178122014470745","-0.3838050001687776","0.05690001068949613","1.51064588510395","25.46814047915991"
"-0.014647281293418857","0.052653741235056124","1.310786108661814","16.35092834621306","-0.2162649288505234","0.052653741235056124","1.411667369517327","18.13547248750468","-0.22022114285433414","0.052653741235056124","1.409988240789953","18.285118773048662","-0.37388312516877686","0.052653741235056124","1.5007240101039496","23.347160291345627"
"0.005196468706581303","0.05440886594289132","1.2710986086618141","15.474389987456695","-0.19642117885052368","0.052653741235056124","1.371979869517327","16.688729244851437","-0.21029926785433428","0.054158133841772","1.4000663657899532","17.7112309548713","-0.363961250168777","0.05332024428866443","1.4610365101039497","22.76573329005291"
"0.02504021870658102","0.052653741235056124","1.2611767336618143","15.076156470139352","-0.18649930385052294","0.052653741235056124","1.3620579945173268","16.436231603444973","-0.20037739285433354","0.05321991049564812","1.3603788657899534","17.538349686881286","-0.35403937516877715","0.05411634515825212","1.45111463510395","20.872000979504442"
"0.03496209370658132","0.05584487706748376","1.2214892336618144","14.546593849243639","-0.17657742885052308","0.05322606450935021","1.322370494517327","15.835696672532308","-0.19045551785433368","0.052653741235056124","1.350456990789953","16.855923629025984","-0.3441175001687764","0.055004354683049705","1.4411927601039496","20.158865749045653"
"0.04488396870658118","0.09291836688539315","1.211567358661814","16.026093542673937","-0.16665555385052322","0.052653741235056124","1.312448619517327","15.777690457614606","-0.18053364285433382","0.052653741235056124","1.3405351157899532","15.668502288357757","-0.33419562516877654","0.05448199613905113","1.4213490101039499","19.61292490276141"
"0.06472771870658134","0.5475989088445837","1.2016454836618142","16.110714373847994","-0.15673367885052336","0.052653741235056124","1.292604869517327","16.262212958691872","-0.17061176785433396","0.052653741235056124","1.3306132407899534","16.505611585993595","-0.3242737501687767","0.05453423199345098","1.4015052601039497","19.776707156646683"
"0.0746495937065812","1.8560443785357283","1.152036108661814","17.90413005389173","-0.13688992885052365","0.05297876432909968","1.2628392445173269","15.067967357445092","-0.1606898928543341","0.05353130358897372","1.290925740789953","15.557039365574724","-0.31435187516877683","0.052653741235056124","1.3915833851039499","18.86908049969913"
"0.08457146870658105","4.630238369857747","1.1421142336618142","19.59245212102575","-0.1269680538505238","0.052653741235056124","1.252917369517327","15.472873485105906","-0.15076801785433425","0.052653741235056124","1.2810038657899532","15.289755826248065","-0.30443000016877697","0.05448199613905113","1.3816615101039496","17.628429926518187"
"0.09449334370658091","6.617917101481116","1.0825829836618142","21.690912248930807","-0.11704617885052393","0.05388781329525275","1.2429954945173267","15.741294401195656","-0.1408461428543344","0.052653741235056124","1.2512382407899532","15.317052868562277","-0.2945081251687771","0.052653741235056124","1.3419740101039497","17.688483419609454"
"0.11433709370658107","9.523745445890777","1.0726611086618139","23.4788685205117","-0.08728055385052347","0.05494303433223247","1.2132298695173267","16.502578581292017","-0.12100239285433467","0.052653741235056124","1.2413163657899533","14.887124452113436","-0.28458625016877725","0.052653741235056124","1.3320521351039498","16.511298469809056"
"0.12425896870658093","11.340299518500212","1.0428954836618143","24.74476885783329","-0.07735867885052361","0.054136945213508404","1.2033079945173268","17.63730146527031","-0.11108051785433393","0.052653741235056124","1.2313944907899534","15.248810262776747","-0.26474250016877754","0.05367946346690786","1.3221302601039495","16.5192601071507"
"0.1441027187065811","15.470327346624927","1.0329736086618144","25.062096974736004","-0.06743680385052286","0.054432583844348556","1.163620494517327","18.070642012008424","-0.10115864285433407","0.052653741235056124","1.201628865789953","16.14620052885647","-0.2548206251687768","0.05377403360175944","1.2824427601039496","15.97786876791883"
"0.16394646870658125","17.74957617033742","1.0230517336618141","25.939014459080067","-0.04759305385052315","0.053721046800631576","1.1536986195173267","19.681167508546938","-0.09123676785433421","0.05647538374405213","1.1817851157899533","16.832038717001048","-0.24489875016877694","0.052653741235056124","1.26259901010395","16.073408416018573"
"0.1738683437065811","20.463876531004562","1.0131298586618138","27.731065287008093","-0.03767117885052329","0.05329586003060559","1.1437767445173268","21.339462829135325","-0.08131489285433346","0.052653741235056124","1.161941365789953","19.22052991949461","-0.23497687516877708","0.0547321783890715","1.23283338510395","15.568413133205647"
"0.18379021870658097","22.845141978359976","0.9833642336618142","27.987998697790616","-0.027749303850523432","0.052653741235056124","1.104089244517327","22.016581128762866","-0.0713930178543336","0.05572520947376773","1.132175740789953","20.076974622103016","-0.22505500016877633","0.052653741235056124","1.2229115101039496","15.48083512244755"
"0.21355584370658143","24.89205616887278","0.9734423586618144","30.56488823697066","-0.007905553850523717","0.052653741235056124","1.0941673695173266","23.113770579559112","-0.06147114285433375","0.05314127587612146","1.1222538657899532","21.166126610440077","-0.21513312516877647","0.053512226146497255","1.2129896351039497","15.201040438726874"
"0.22347771870658129","26.866571465187388","0.9436767336618139","32.50622788917426","0.011938196149476443","0.052653741235056124","1.0842454945173268","25.021151411264686","-0.05154926785433389","0.052653741235056124","1.082566365789953","21.793958583666956","-0.20521125016877662","0.052653741235056124","1.1832240101039497","15.377333837006162"
"0.23339959370658114","27.665153207252402","0.9238329836618142","34.80372895062045","0.0218600711494763","0.052653741235056124","1.044557994517327","25.580740778706033","-0.031705517854334175","0.052653741235056124","1.072644490789953","23.270728572865835","-0.17544562516877704","0.052653741235056124","1.1832240101039497","16.223542148746738"
"0.26316521870658116","28.74565185551345","0.9139111086618144","35.72272937519893","0.0317819461494766","0.05411634515825212","1.0346361195173266","27.588210765563716","-0.01186176785433446","0.052653741235056124","1.0627226157899532","25.15422449254647","-0.16552375016877718","0.052653741235056124","1.1832240101039497","16.756971850636965"
"0.27308709370658146","30.374626974973","0.8841454836618139","36.37330888368765","0.06154757114947662","0.05443861381929531","1.0247142445173267","27.792938582920307","-0.0019398928543346017","0.052653741235056124","1.0329569907899532","25.49543752147412","-0.15560187516877733","0.05388781329525275","1.1733021351039499","17.42916151762444"
"0.2830089687065813","31.77982369418356","0.874223608661814","37.581203006091535","0.07146944614947648","0.11320554365537065","0.9949486195173267","28.96216189537906","0.0079819821456657","0.052653741235056124","1.0230351157899529","25.805941377798284","-0.1357581251687776","0.052653741235056124","1.16338026010395","18.529232322887186"
"0.3127745937065809","32.98756888376266","0.8643017336618142","39.68080051075969","0.09131319614947664","2.0370416140312337","0.9850267445173269","30.896839769398845","0.017903857145666002","0.052653741235056124","1.013113240789953","28.525409218351665","-0.12583625016877686","0.052653741235056124","1.1336146351039496","19.035137507110587"
"0.33261834370658105","34.481618791307376","0.8246142336618139","40.1584987512584","0.11115694614947635","6.469828454257521","0.9651829945173267","32.56537148085506","0.03774760714566572","0.05282809137159604","0.9734257407899531","30.234886493279202","-0.115914375168777","0.05319102430888322","1.1236927601039497","18.725771027549516"
"0.3524620937065812","35.18915343915344","0.8047704836618141","41.87366291000139","0.12107882114947621","10.741363211951448","0.945339244517327","33.8392334555183","0.04766948214566602","0.25537064499002216","0.9635038657899533","30.797887991009826","-0.10599250016877715","0.052653741235056124","1.1137708851039498","20.800346243429637"
"0.37230584370658093","36.21261053440985","0.7948486086618143","43.77535685789151","0.14092257114947682","12.68077601410935","0.9354173695173271","35.10740854636607","0.06751323214566574","0.44277009674933554","0.953581990789953","32.31059908592242","-0.0960706251687764","0.052653741235056124","1.0939271351039497","20.861764588636614"
"0.38222771870658123","37.52237234763187","0.7452392336618141","43.602475589901495","0.15084444614947667","14.431512910174964","0.9254954945173268","36.48932131352305","0.07743510714566604","3.142770179967412","0.9238163657899534","32.74962651647599","-0.07622687516877669","0.05493202811541913","1.0641615101039497","22.72023821952922"
"0.3921495937065811","38.693918090111865","0.7353173586618142","44.18026298555232","0.16076632114947653","15.668875829198782","0.8957298695173268","36.107162721124084","0.0873569821456659","7.4406318082788685","0.9138944907899531","34.039411765822514","-0.06630500016877683","0.05305263321410958","1.0542396351039498","24.041870018242324"
"0.41199334370658125","39.942250538559655","0.7055517336618142","46.227541159118225","0.1706881961494764","19.152798374251663","0.885807994517327","38.00840171830896","0.09727885714566575","8.190947620878418","0.9039726157899532","36.973843814600315","-0.05638312516877697","0.05484764711985013","1.0244740101039498","24.95973306605771"
"0.43183709370658097","40.55654418630198","0.6857079836618141","44.5897186202655","0.18061007114947625","20.301308104941327","0.8560423695173265","40.19489480767735","0.11712260714566591","11.251446330166056","0.8642851157899534","37.68697904505911","-0.036539375168777255","0.052653741235056124","1.0145521351039495","25.503626634168384"
"0.4417589687065808","41.8301065524249","0.6658642336618144","45.49393314692378","0.2004538211494764","21.77890371835009","0.8361986195173268","39.58753561618613","0.12704448214566622","14.055258050932794","0.8543632407899535","39.348686495936775","-0.01669562516877754","0.052853187224582855","1.0046302601039496","26.423536960157332"
"0.4516808437065811","43.2221398363267","0.626176733661814","44.68184613807597","0.2103756961494767","23.753419014664694","0.8262767445173269","40.787240625895755","0.1568101071456658","16.16469855916223","0.8146757407899532","39.751317870071404","-0.006773750168776793","0.05723232742940883","0.9847865101039499","27.799307892793625"
"0.4616027187065814","43.30441130700647","0.6162548586618142","44.56242157795129","0.24014132114947628","25.699413534476975","0.816354869517327","41.88276192410613","0.16673198214566565","20.22232749308874","0.8047538657899533","41.06498803144286","0.022991874831223225","0.052653741235056124","0.9649427601039497","28.35343785177213"
"0.491368343706581","44.341031837571634","0.5765673586618139","44.55559731737274","0.2500631961494766","27.412854030501094","0.7865892445173266","42.294037361640264","0.17665385714566595","22.746416213544244","0.7948319907899535","42.863180693891586","0.03291374983122308","0.053352684702778104","0.9550208851039494","30.24512288414703"
"0.5012902187065809","45.448954309392605","0.566645483661814","44.14955381294883","0.25998507114947644","28.31784020797862","0.7667454945173269","42.976463419495566","0.1865757321456658","23.65469324984896","0.765066365789953","43.446654973357866","0.04283562483122294","0.1639446033909702","0.9450990101039496","32.62815467817775"
"0.5112120937065812","45.44017868585343","0.5567236086618141","43.97212303790645","0.2798288211494766","28.860831914465138","0.756823619517327","43.56949166377182","0.20641948214566597","24.72093150985885","0.7452226157899533","43.10657932119331","0.0527574998312228","0.7865152596986508","0.91533338510395","31.80105429605712"
"0.5409777187065812","46.00620640413029","0.5468017336618143","44.40253890153947","0.2996725711494763","30.30880979842918","0.7369798695173269","44.54877305679418","0.21634135714566582","25.658826275608288","0.7353007407899534","43.69062228904114","0.07260124983122296","2.3134737555152785","0.9054115101039497","34.08718158987239"
"0.550899593706581","47.45418428809433","0.4971923586618141","42.255821502400366","0.3095944461494762","32.043092400358844","0.7072142445173268","44.39863932406602","0.22626323214566568","26.87973490049615","0.705535115789953","45.4905210166345","0.08252312483122282","4.383423957818422","0.8855677601039496","37.08985624443572"
"0.5707433437065812","48.030742754618196","0.48727048366181425","40.96603625305384","0.3195163211494765","33.63586807271929","0.697292369517327","45.435926932006076","0.23618510714566598","27.780698917184885","0.6856913657899533","44.5095335584675","0.10236687483122298","8.108676150198642","0.85580213510395","37.34917814642073"
"0.6005089687065812","49.121552760537774","0.4674267336618141","41.01835558415608","0.33936007114947664","34.00992902607666","0.6576048695173267","45.14930798770685","0.265950732145666","29.56178484465682","0.6757694907899534","44.818331349647025","0.11228874983122328","8.87873711576134","0.8458802601039497","39.19309335474576"
"0.6104308437065811","49.385448296965855","0.4277392336618142","39.50336973571731","0.35920382114947635","34.89297614470625","0.6476829945173268","44.84904052225051","0.27587260714566586","30.888000952014796","0.6360819907899531","44.79444643762209","0.12221062483122314","12.786083496579462","0.8061927601039498","40.41327114619104"
"0.6203527187065809","49.231248054777474","0.41781735866181435","38.053317760662345","0.3691256961494762","35.646582816133","0.6179173695173268","44.535124535637074","0.2957163571456656","32.061740600379586","0.6261601157899532","44.818331349647025","0.132132499831223","16.246311858076567","0.7962708851039499","41.04963344514112"
"0.6600402187065812","50.51468299738197","0.37812985866181403","38.406938536096455","0.3889694461494768","36.559247664207305","0.5980736195173266","44.803545451726826","0.3155601071456662","32.91516998956446","0.6162382407899534","44.70914318039018","0.14205437483122285","17.434970066457957","0.7863490101039501","42.26264576297892"
"0.6699620937065811","50.78453342121163","0.3682079836618142","36.64432951809304","0.40881319614947653","37.92385712454917","0.5881517445173268","44.03922826692889","0.32548198214566604","33.724721261053446","0.5864726157899529","44.985525733821575","0.161898124831223","19.412776221599753","0.7565833851039496","43.497836927697016"
"0.679883968706581","50.394566650189496","0.3582861086618143","35.01300627502942","0.4187350711494764","39.1568322318034","0.5782298695173269","44.15296594323811","0.3354038571456659","34.84690412112558","0.576550740789953","44.243046182875005","0.1718199998312233","20.986903693939453","0.7367396351039499","43.28401009623569"
"0.6997277187065811","50.606827044543316","0.34836423366181446","34.52620902042596","0.43857882114947655","41.32002343421029","0.5484642445173269","44.12908103121317","0.3552476071456656","34.88968528587906","0.5666288657899532","43.53195823058978","0.18174187483122317","21.94344665970964","0.72681776010395","43.778996463533396"
"0.7195714687065813","51.75040048699219","0.30867673366181414","33.16590641176773","0.4584225711494767","41.879469434832764","0.5385423695173266","43.17368455021575","0.3750913571456662","37.43022830047052","0.5467851157899535","44.9377559097717","0.2015856248312229","23.61849380274986","0.7069740101039494","44.79899594467446"
"0.7294933437065811","51.084659746251454","0.2987548586618143","30.918449927897598","0.46834444614947657","43.24517584811703","0.5286204945173267","42.540734381554955","0.3850132321456661","39.1579291847458","0.5070976157899532","43.07018326477436","0.21150749983122275","25.34290382819795","0.6772083851039499","44.83539200109341"
"0.7592589687065812","51.13336445689388","0.2888329836618144","29.726479080177","0.4881881961494763","43.53477142490984","0.5186986195173269","41.517095294772","0.4048569821456658","39.39552919206899","0.4971757407899533","42.63798009479933","0.22142937483122305","27.60372384247817","0.66728651010395","45.125423075681915"
"0.7691808437065815","51.50852236319365","0.2689892336618138","30.879779117952463","0.5179538211494767","44.9037686970213","0.4988548695173267","42.086579840052245","0.41477885714566565","40.247203456546025","0.457488240789953","41.90641936077845","0.23135124983122335","28.35403965507772","0.6474427601039499","45.18115453707343"
"0.7791027187065813","51.11361930393073","0.23922360866181425","27.235623969005143","0.5278756961494766","45.765973709745346","0.45916736951732684","40.317731498091305","0.42470073214566595","40.644300421693735","0.43764449078995327","40.504261287238414","0.25119499983122306","29.557177642298754","0.6275990101039497","45.435926932006076"
"0.7890245937065812","51.02805697442376","0.2193798586618141","24.475210564980443","0.5377975711494765","45.91406235696894","0.4393236195173271","40.74083565396159","0.4346226071456658","41.62278244631187","0.4277226157899534","39.33162584449039","0.2611168748312229","29.00233884403435","0.6176771351039498","44.651136965472475"
"0.8088683437065809","50.722007103495","0.16977048366181435","20.327197509983293","0.5477194461494763","46.28263854561433","0.40955799451732666","39.517018256874415","0.4445444821456661","42.01768550557478","0.40787886578995325","39.89803947251029","0.2710387498312228","29.980664161089276","0.5879115101039498","45.20180229984956"
"0.828712093706581","49.89819544375485","0.15984860866181405","14.81546971603863","0.5774850711494768","47.67357487657373","0.3996361195173268","36.99295174422027","0.4643882321456658","42.412588564837705","0.37811324078995323","37.642621351298516","0.2809606248312231","31.328976034858393","0.5680677601039497","44.494178972165756"
"0.8386339687065814","49.823602643671855","0.13008298366181403","14.898335737349631","0.5874069461494766","48.05641145347028","0.3698704945173268","35.58988376926976","0.4743101071456657","43.15763900331375","0.3681913657899534","36.29596726379739","0.29088249983122294","31.86867688251772","0.5581458851039498","44.248505591337846"
"0.8584777187065811","49.83676607898062","0.10031735866181446","10.570779636178644","0.5973288211494765","48.29335328902804","0.3500267445173266","34.16054239109183","0.484231982145666","44.882049028761834","0.3384257407899529","37.437893533941924","0.32064812483122296","32.80328078943997","0.5383021351039501","44.46233242279917"
"0.8882433437065811","47.69770784130647","0.09039548366181416","5.072700363391086","0.6072506961494764","48.20779095952107","0.3301829945173269","34.492542668238436","0.5040757321456661","44.946549861774784","0.32850386578995305","35.704531346989455","0.3305699998312228","35.04106479192985","0.49861463510394977","42.65504074624572"
"0.9080870937065812","47.77010673550467","0.0804736086618143","3.0094989151418865","0.6270944461494765","48.86925358378646","0.2904954945173266","29.74922661543884","0.513997607145666","45.779795316819545","0.3185819907899532","33.53441648300959","0.3404918748312231","36.09413961663097","0.4886927601039499","42.7289702358467"
"0.927930843706581","46.23876042791845","0.030864233661814122","2.224708948608288","0.6370163211494768","50.33697662071365","0.28057361951732673","27.979468372067423","0.5239194821456659","45.75445570385018","0.2987382407899535","32.9952998973039","0.3603356248312233","36.38044433459659","0.45892713510394945","43.20211896929305"
"0.9477745937065811","44.27521466102782","0.020942358661814264","0.900802396369","0.6469381961494767","50.830605444792305","0.2706517445173269","29.107746121054856","0.5338413571456657","46.31554713388624","0.268972615789953","31.036737111259182","0.37025749983122314","36.9991257941085","0.4291615101039499","39.70900745448437"
"0.9576964687065814","43.40862183653418","0.011020483661813962","0.059143591680792924","0.6667819461494764","50.516876903266756","0.23096424451732656","26.58390708375333","0.5437632321456656","46.496544369381745","0.25905074078995316","28.85687330359567","0.380179374831223","37.85803994800535","0.41923963510395","39.111202227803126"
"0.9676183437065813","41.984776917302874","-0.038588891338186215","0.05693383111249957","0.6767038211494762","50.442284103183766","0.2210423695173267","23.51640195369374","0.573528857145666","47.61872722945388","0.22928511578995314","28.347978443309287","0.39010124983122285","38.196998407206024","0.3795521351039497","38.80547535388395"
"0.987462093706581","41.8439281594991","-0.04851076633818607","0.0554746343804956","0.6866256961494765","51.232090221709605","0.21112049451732684","19.967786452846166","0.5834507321456659","48.888998736749606","0.19951949078995312","24.26161120887173","0.409944999831223","38.779480419618835","0.36963026010394984","36.8737546594482"
"0.9973839687065809","40.40845553907838","-0.05843264133818593","0.05838534050539815","0.6965475711494764","51.701586081055524","0.18135486951732682","19.804004198960893","0.5933726071456658","48.35258874791747","0.1697538657899531","21.291693005085456","0.4198668748312233","40.33934750370737","0.35970838510395","37.13307656143322"
"1.0073058437065812","39.63839457351569","-0.0881982663381855","0.05497321021612163","0.7163913211494766","51.29790739825343","0.16151111951732666","16.61843936089234","0.6231382321456662","49.42869958440893","0.1399882407899531","16.018814331390146","0.42978874983122317","41.86849990540879","0.32002088510394966","36.83432559832768"
"1.0172277187065815","38.419679854512616","-0.10804201633818522","0.054594084628424244","0.7362350711494763","51.21015116286167","0.1515892445173268","14.409426211614724","0.6330601071456661","49.87625638490691","0.13006636578995323","12.416742122677238","0.4496324998312229","42.798716000561456","0.3100990101039498","34.23185591413771"
"1.0370714687065812","37.120887570714565","-0.11796389133818597","0.055820917990860745","0.7461569461494766","50.67922593874152","0.14166736951732695","10.774142601419523","0.6529038571456658","50.32820099717448","0.12014449078995337","11.966340924492739","0.46947624983122305","43.643369766207144","0.30017713510394994","32.31059908592242"
"1.046993343706581","36.824710276267375","-0.12788576633818582","0.05534194880141636","0.7759225711494766","52.49248915252376","0.1317454945173271","8.825133780184778","0.672747607145666","50.67922593874152","0.0705351157899532","5.411638638792553","0.47939812483122335","44.430981978848195","0.2604896351039496","32.14226732498477"
"1.056915218706581","35.3142060745867","-0.14772951633818643","0.055700721479000403","0.7858444461494765","51.10703758627635","0.08213611951732691","2.098460127905057","0.6826694821456658","50.547591585653876","0.06061324078995334","2.0940731032474154","0.49924187483122306","45.11767452078872","0.25056776010394977","28.564404993086253"
"1.0668370937065812","34.058194955542135","-0.18741701633818586","0.059901842856187715","0.7957663211494763","50.62657219750646","0.07221424451732661","0.48452250107726513","0.6925913571456661","51.36591848068204","0.020925740789953018","1.3830501439200809","0.5091637498312229","46.19707621610736","0.23072401010395005","28.18760831971329"
"1.0866808437065814","33.10384589565675","-0.19733889133818572","0.054992581596514926","0.8354538211494766","50.52784643269073","0.06229236951732675","0.22520059909225","0.7124351071456658","51.50852236319365","0.0010819907899533021","0.2630442259369532","0.5190856248312228","46.50641694586332","0.19103651010394973","27.457412437808117"
"1.0966027187065812","31.35530290547592","-0.20726076633818558","0.054594084628424244","0.8453756961494765","50.45544753849253","0.0027611195173267156","0.0651668827078726","0.7223569821456657","51.17066085693538","-0.008839884210047444","0.054594084628424244","0.5389293748312229","47.27867181731081","0.18111463510394987","24.942672414611327"
"1.106524593706581","29.508660980732166","-0.21718264133818543","0.054594084628424244","0.8552975711494764","50.52565252680594","-0.007160755482672698","0.05537400012311602","0.732278857145666","51.32423426887095","-0.03860550921004702","0.05879362959984149","0.5587731248312231","47.362040240932984","0.18111463510394987","20.691158074172787"
"1.136290218706581","27.665153207252402","-0.23702639133818604","0.054594084628424244","0.8652194461494762","49.435281302063316","-0.017082630482672556","0.054594084628424244","0.7422007321456658","50.9062951978177","-0.05844925921004673","0.0558764960123134","0.568694999831223","47.86225078266602","0.18111463510394987","19.493500342636732"
"1.1462120937065814","27.29657701860701","-0.25687014133818575","0.05594851802569431","0.8949850711494767","48.64547518353748","-0.056770130482673764","0.054594084628424244","0.762044482145666","50.98461763790484","-0.06837113421004659","0.05619979299984848","0.5786168748312228","49.17420650177283","0.17119276010395001","18.964620147798872"
"1.1561339687065812","26.22485399388514","-0.2667920163381865","0.05548035223602853","0.9049069461494765","47.375203676241746","-0.07661388048267348","0.05546898983080283","0.7719663571456659","51.03025088030856","-0.08821488421004631","0.054594084628424244","0.598460624831223","48.487513959832306","0.11166151010394998","11.70019476192917"
"1.175977718706581","25.158615733875255","-0.2965576413381861","0.056438479379384524","0.9148288211494764","47.39330339979129","-0.08653575548267334","0.054594084628424244","0.7818882321456657","51.11361930393073","-0.12790238421004663","0.0682426057855303","0.6183043748312231","49.20492118415994","0.10173963510394968","8.007132412168888"
"1.205743343706581","23.460532579044692","-0.32632326633818565","0.055151167124632645","0.9346725711494765","46.38794602808444","-0.11630138048267291","0.05564397087127855","0.8017319821456659","50.52565252680594","-0.13782425921004737","0.055563651705158555","0.628226249831223","49.97169129089545","0.09181776010394982","7.458916812358462"
"1.2156652187065813","22.344931436626943","-0.3362451413381855","0.054594084628424244","0.9545163211494767","45.54548616832354","-0.14606700548267337","0.055993932952229986","0.8116538571456662","50.32710404423208","-0.1576680092100471","0.054594084628424244","0.6381481248312229","50.544300726826684","0.04220838510394964","5.809720505874814"
"1.2255870937065811","21.36425550612402","-0.36601076633818597","0.054594084628424244","0.9644381961494766","44.608249574339546","-0.15598888048267323","0.05471174429357171","0.821575732145666","50.12197384400384","-0.19735550921004652","0.0549629635786163","0.657991874831223","49.988145585031404","0.032286510103949784","0.8689558470024191"
"1.2553527187065812","20.271690375496608","-0.3858545163381857","0.055384262169098794","0.9743600711494764","42.42246114131928","-0.19567638048267355","0.054594084628424244","0.8314976071456659","50.310649750096125","-0.20727738421004638","0.055602214032074125","0.6679137498312233","50.438993244356574","0.022364635103949926","0.08189112694263637"
"1.265274593706581","20.21574577543436","-0.39577639133818643","0.057676008760674","0.9942038211494766","41.892632870141526","-0.22544200548267312","0.0554281609213585","0.8513413571456656","49.24177880302449","-0.21719925921004624","0.054594084628424244","0.6778356248312232","51.57433953973747","-0.027244739896049808","0.06044345083861256"
"1.2751964687065813","20.175158516565673","-0.43546389133818586","0.054594084628424244","1.0041256961494764","41.74783508174512","-0.23536388048267298","0.05543399362270769","0.8612632321456659","50.01118159682174","-0.2469648842100467","0.05624845082928558","0.687757499831223","51.621727906849024","-0.037166614896049666","0.058089437607683106"
"1.2851183437065812","19.82413357499863","-0.4553076413381856","0.054594084628424244","1.0140475711494767","40.00367990333389","-0.26512950548267256","0.054594084628424244","0.8711851071456662","48.83963585434174","-0.2668086342100473","0.05528277147580116","0.7076012498312227","51.067547280350055","-0.04708848989605041","0.054594084628424244"
"1.304962093706581","19.537828857033013","-0.46522951633818543","0.054594084628424244","1.0239694461494766","38.985707572789465","-0.28497325548267316","0.05537400012311602","0.8811069821456661","47.348876805624215","-0.27673050921004716","0.054594084628424244","0.717523124831223","51.11032844510354","-0.08677598989605073","0.054594084628424244"
"1.3148839687065812","20.258526940187842","-0.4949951413381859","0.054594084628424244","1.0438131961494763","38.20906488957239","-0.294895130482673","0.055873633486902934","0.9009507321456658","46.50115157173981","-0.3164180092100466","0.056509666545211064","0.7274449998312233","51.21497775580821","-0.10661973989605045","0.05600226538272883"
"1.324805843706581","20.330925834386044","-0.5148388913381865","0.056641362801990155","1.0537350711494762","38.24855519549868","-0.3147388804826736","0.054594084628424244","0.920794482145666","45.882799198110625","-0.32633988421004645","0.05485655618913782","0.7472887498312231","51.46245033961298","-0.1165416148960503","0.05703859588044324"
"1.3446495937065812","20.96559146534431","-0.5247607663381864","0.05540892171243058","1.0636569461494765","36.39953131579429","-0.35442638048267305","0.05487262587652845","0.9307163571456658","45.13478698669011","-0.3362617592100463","0.054594084628424244","0.7572106248312229","51.81786309294961","-0.17607286489605034","0.05478906350209718"
"1.354571468706581","21.185232785924832","-0.5545263913381859","0.054594084628424244","1.0735788211494768","34.37850521472206","-0.3643482554826729","0.05686883815460859","0.9406382321456661","44.12910052910054","-0.3759492592100466","0.05520294059082302","0.7671324998312228","51.07939437212794","-0.1859947398960502","0.05559976513473732"
"1.364493343706581","21.45310869445818","-0.5842920163381855","0.055877278925246174","1.0934225711494765","33.79053843759726","-0.3941138804826734","0.05583485927907025","0.9604819821456658","44.2817963786822","-0.3858711342100474","0.05615391561780779","0.7770543748312231","50.62328133867927","-0.21576036489605066","0.054594084628424244"
"1.3744152187065812","21.77890371835009","-0.5942138913381854","0.054594084628424244","1.1033444461494764","31.737042529430077","-0.40403575548267323","0.05546341718620171","0.9704038571456657","43.542450095506624","-0.4057148842100471","0.05544711720074337","0.7968981248312232","51.54801266911994","-0.24552598989605023","0.0585369907404771"
"1.3942589687065814","21.9215076008617","-0.6239795163381858","0.054594084628424244","1.1132663211494767","29.22940810311053","-0.4139576304826731","0.057946352982801166","0.980325732145666","41.63857856868238","-0.43548050921004666","0.055220163580585076","0.8068199998312231","50.33405141286726","-0.2554478648960501","0.05535233580381902"
"1.4041808437065812","22.077713699859032","-0.6537451413381863","0.055131957383384084","1.1430319461494767","28.80817817323008","-0.4338013804826737","0.054594084628424244","0.9902476071456658","39.75357463246737","-0.4454023842100465","0.05624845082928558","0.816741874831223","50.119779938119045","-0.26536973989604995","0.054594084628424244"
"1.414102718706581","22.627945295765368","-0.6636670163381861","0.054594084628424244","1.1529538211494765","27.9953360429139","-0.4734888804826731","0.05534341520175555","1.0001694821456661","39.760156350121754","-0.475168009210047","0.058493662101883115","0.8266637498312228","49.74791289064646","-0.30505723989605027","0.05560508619561729"
"1.424024593706581","23.523058896761324","-0.7231982663381853","0.05790281703014692","1.1628756961494764","27.42930832463705","-0.483410755482673","0.054594084628424244","1.0200132321456659","38.36351586386189","-0.4950117592100467","0.05489873911853822","0.846507499831223","49.5142619139159","-0.3249009898960509","0.05535233580381902"
"1.4438683437065811","23.854777466542178","-0.733120141338186","0.05620929423281549","1.1727975711494762","26.51444957067795","-0.5032545054826727","0.054594084628424244","1.0299351071456657","37.00899837059007","-0.5148555092100473","0.054594084628424244","0.8564293748312233","49.30035609014848","-0.35466661489605045","0.055043049140171156"
"1.4537902187065814","24.2635021328793","-0.7430420163381859","0.054594084628424244","1.1827194461494765","26.262516044907436","-0.5330201304826732","0.05489079161010047","1.0398569821456656","36.1928653814467","-0.5545430092100467","0.05505479420334765","0.8663512498312231","48.85828405436249","-0.3645884898960503","0.05502599985491494"
"1.4637120937065813","25.461374745976826","-0.7728076413381864","0.054594084628424244","1.2124850711494766","25.007236227824468","-0.542942005482673","0.054594084628424244","1.0597007321456662","35.30104263927794","-0.5644648842100466","0.054594084628424244","0.876273124831223","47.52658318229253","-0.37451036489605016","0.054594084628424244"
"1.4934777187065813","25.955003570055478","-0.8124951413381858","0.05543399362270769","1.2224069461494764","22.93070430786694","-0.5627857554826736","0.054594084628424244","1.069622607145666","33.71813954339906","-0.6140742592100468","0.055224016374136826","0.8961168748312227","47.32913165266107","-0.40427598989604974","0.0575187677335184"
"1.5033995937065812","27.39969059519233","-0.8224170163381856","0.054884478695596706","1.2422506961494766","21.407036670877506","-0.5925513804826732","0.054594084628424244","1.079544482145666","32.609120118635694","-0.6339180092100474","0.05654387336515367","0.906038749831223","46.40769118104759","-0.4141978648960496","0.05667299844705629"
"1.513321468706581","27.866992548653453","-0.8422607663381854","0.054594084628424244","1.2620944461494767","21.071369070504023","-0.602473255482673","0.05499788702952205","1.0894663571456658","30.72674886948244","-0.6736055092100468","0.055950459401801246","0.9159606248312233","45.33750389044507","-0.42411973989605034","0.054594084628424244"
"1.5232433437065813","28.831214185020418","-0.8720263913381858","0.054594084628424244","1.2720163211494766","20.315568493192487","-0.6123951304826729","0.054594084628424244","1.109310107145666","30.30551893960199","-0.6835273842100467","0.054594084628424244","0.9258824998312232","45.05843906189928","-0.4340416148960502","0.05672666605922207"
"1.543087093706581","28.99904798520716","-0.8720263913381858","0.054594084628424244","1.2918600711494763","20.70608374068582","-0.6520826304826732","0.054840003928552275","1.1192319821456658","29.778981527251428","-0.7033711342100464","0.054594084628424244","0.9457262498312229","44.34322574345643","-0.4737291148960505","0.05531242784721929"
"1.553008968706581","29.72742473895877","-0.8720263913381858","0.054594084628424244","1.3117038211494765","19.72869866901009","-0.6620045054826731","0.054594084628424244","1.129153857145666","28.80817817323008","-0.7331367592100468","0.055679762447739506","0.9556481248312227","44.98604016770108","-0.4836509898960504","0.054594084628424244"
"1.572852718706581","31.411247505538167","-0.8819482663381857","0.054594084628424244","1.3216256961494768","20.061075410556384","-0.6719263804826738","0.054594084628424244","1.139075732145666","27.18743020083851","-0.7430586342100467","0.055090394488682644","0.965569999831223","42.5968766591604","-0.51341661489605","0.054594084628424244"
"1.5926964687065812","31.595535599860863","-0.8918701413381864","0.054594084628424244","1.3315475711494766","19.643136339503126","-0.7116138804826733","0.05619979299984848","1.168841357145666","25.92867669943795","-0.7529805092100474","0.056947277931373566","0.9754918748312233","41.405585763717255","-0.5332603648960497","0.055620289226702896"
"1.602618343706581","33.23504146756743","-0.9315576413381859","0.05507721812071118","1.3414694461494765","20.175158516565673","-0.7215357554826731","0.05502060091458381","1.1787632321456658","24.82623899232896","-0.7926680092100469","0.056231907167276975","0.9854137498312232","40.407358586135985","-0.5431822398960504","0.054594084628424244"
"1.612540218706581","34.67907032093884","-0.9414795163381857","0.054594084628424244","1.3513913211494764","20.225618351915934","-0.7215357554826731","0.054594084628424244","1.188685107145666","23.91532926896249","-0.8125117592100466","0.055377731776200666","1.005257499831223","39.68117573826917","-0.5531041148960503","0.054594084628424244"
"1.6224620937065812","35.471070345349474","-0.9514013913381856","0.054594084628424244","1.3613131961494767","20.363834422657956","-0.7215357554826731","0.054594084628424244","1.198606982145666","22.92412259021256","-0.8224336342100464","0.054594084628424244","1.0151793748312228","38.01600117171052","-0.5927916148960506","0.054594084628424244"
"1.6522277187065812","36.32120887570715","-0.981167016338186","0.055265323373855695","1.3712350711494765","20.43952417568335","-0.731457630482673","0.054594084628424244","1.2184507321456657","22.094826165760423","-0.8621211342100468","0.054594084628424244","1.025101249831223","37.700078724300184","-0.6027134898960504","0.05586794660308748"
"1.662149593706581","38.055491477636814","-0.9910888913381859","0.05563667999459207","1.3910788211494767","20.952898152725144","-0.7413795054826728","0.054594084628424244","1.228372607145666","21.79676838055484","-0.8720430092100466","0.05522225924234962","1.0449449998312232","35.708012180907225","-0.6126353648960503","0.054594084628424244"
"1.6819933437065813","38.6030903864814","-1.0307763913381862","0.05654387336515367","1.4010006961494765","22.101407883414808","-0.8009107554826738","0.054763631475096365","1.2382944821456658","21.212876000073233","-0.8819648842100474","0.05537400012311602","1.064788749831223","34.865552321146325","-0.6523228648960497","0.054594084628424244"
"1.701837093706581","40.66514252759928","-1.040698266338186","0.054594084628424244","1.4109225711494764","22.101407883414808","-0.8108326304826736","0.054594084628424244","1.2482163571456661","20.554704234635032","-0.8918867592100472","0.05539693881413636","1.0747106248312228","32.5334303656103","-0.6622447398960496","0.056068124913391706"
"1.7117589687065813","41.89921458779591","-1.050620141338186","0.058415670552413944","1.4307663211494765","22.671823413461247","-0.8306763804826733","0.05600600061019384","1.258138232145666","20.453345782757548","-0.9315742592100467","0.055591476559135836","1.0846324998312231","32.6058292598085","-0.6721666148960503","0.054594084628424244"
"1.7216808437065811","43.656533201515906","-1.0803857663381855","0.054594084628424244","1.4406881961494764","22.938602369052198","-0.8703638804826728","0.05550906928700118","1.2680601071456659","19.452266527526046","-0.9414961342100465","0.054594084628424244","1.094554374831223","30.065286245217045","-0.6920103648960501","0.054594084628424244"
"1.7415245937065813","43.75525896633164","-1.100229516338186","0.054594084628424244","1.4506100711494767","23.536222332070086","-0.8802857554826726","0.054594084628424244","1.2779819821456657","19.725914096156313","-0.971261759210047","0.054594084628424244","1.1143981248312231","28.564654620017947","-0.7217759898960505","0.05520068556874007"
"1.761368343706581","45.02223961480018","-1.110151391338186","0.054594084628424244","1.4605319461494766","23.07111428449376","-0.9199732554826738","0.05542758210366736","1.287903857145666","19.356831621537506","-0.9811836342100468","0.05737949710946629","1.124319999831223","27.646505007231656","-0.7316978648960504","0.05560508619561729"
"1.7712902187065813","45.70871276615222","-1.1498388913381863","0.054594084628424244","1.4803756961494763","23.883737024221457","-0.9298951304826737","0.055770681279898905","1.2978257321456659","19.3590255274223","-0.9911055092100467","0.05573146139151641","1.1441637498312232","26.190848452670835","-0.7416197398960502","0.054594084628424244"
"1.791133968706581","46.937519452225345","-1.169682641338186","0.05545480217887237","1.4902975711494766","24.948000768935028","-0.9596607554826733","0.054594084628424244","1.3077476071456662","19.75831639845481","-1.030793009210047","0.05757969863154119","1.1640074998312229","26.14822399548055","-0.8011509898960503","0.055173751550154616"
"1.8109777187065812","47.57923692352759","-1.1796045163381859","0.05823369027031919","1.5002194461494764","25.710821845077906","-0.979504505482673","0.05522889956596406","1.317669482145666","20.485596199264023","-1.0407148842100469","0.055234860269602934","1.1739293748312232","24.381973050658175","-0.8209947398960509","0.054594084628424244"
"1.820899593706581","49.75402448561125","-1.2192920163381853","0.055993932952229986","1.5101413211494767","26.78100913568042","-0.9894263804826728","0.0561105869792138","1.327591357145666","20.261817799015034","-1.0506367592100467","0.054594084628424244","1.183851249831223","23.766582449973455","-0.8706041148960502","0.05535942226340215"
"1.8407433437065812","50.56733673861702","-1.229213891338186","0.056218908575698764","1.5299850711494765","26.969685041772706","-1.0191920054826733","0.05674911428480941","1.3375132321456658","19.832909198537806","-1.100246134210047","0.054594084628424244","1.2036949998312232","23.03272093150986","-0.88052598989605","0.05757969863154119"
"1.860587093706581","52.564229874956524","-1.239135766338186","0.055347683956117215","1.5399069461494763","27.11009501839952","-1.039035755482673","0.0557255682476662","1.347435107145666","20.725828893648966","-1.100246134210047","0.054594084628424244","1.213616874831223","21.992809542117502","-0.9202134898960503","0.054594084628424244"
"1.8705089687065812","53.98982991889567","-1.2689013913381864","0.059143591680792924","1.5498288211494766","28.409984255139968","-1.0588795054826736","0.054594084628424244","1.357356982145666","21.16351311766537","-1.100246134210047","0.054594084628424244","1.223538749831223","21.798648871313233","-0.9301353648960502","0.055556094930246706"
"1.880430843706581","53.292167847531175","-1.288745141338186","0.05546898983080283","1.5597506961494765","29.99157100748797","-1.098567005482673","0.05491397184304392","1.3672788571456658","20.758737481920875","-1.1101680092100468","0.0554519916725852","1.2334606248312232","20.27827209315099","-0.9400572398960501","0.054594084628424244"
"1.8903527187065814","54.774699749180726","-1.298667016338186","0.054594084628424244","1.5795944461494766","30.282482927811653","-1.108488880482673","0.05555187558681765","1.377200732145666","20.557995093462225","-1.1200898842100466","0.054594084628424244","1.243382499831223","20.291435528459754","-0.9896666148960502","0.05507438449319044"
"1.9002745937065812","54.38473297815859","-1.3284326413381855","0.056218908575698764","1.5895163211494765","30.920909540286708","-1.1481763804826732","0.05660122009270454","1.387122607145666","21.416909247359076","-1.159777384210047","0.05654387336515367","1.253304374831223","20.133474304754586","-1.0293541148960497","0.056069600429192464"
"1.920118343706581","55.584799497140914","-1.348276391338186","0.055030837305451635","1.5994381961494764","32.977696307281086","-1.1680201304826738","0.05508371767441908","1.3970444821456658","21.39058237674155","-1.1696992592100468","0.05496098035845398","1.2632262498312228","19.937339118654","-1.0392759898960504","0.05554080285897495"
"1.9300402187065813","57.31359733435859","-1.358198266338186","0.054594084628424244","1.6093600711494767","33.10274894271434","-1.1878638804826736","0.0561105869792138","1.4069663571456656","22.308261866838244","-1.1796211342100467","0.054594084628424244","1.273148124831223","19.508211127588293","-1.0491978648960503","0.054594084628424244"
"1.9399620937065811","59.04458907746106","-1.3879638913381864","0.054594084628424244","1.6192819461494765","34.31707584994783","-1.227551380482673","0.05479578691153419","1.416888232145666","22.77713089593136","-1.2292305092100468","0.05624845082928558","1.283069999831223","20.34408926969481","-1.0789634898960507","0.05635518413256696"
"1.9598058437065813","61.28895479760533","-1.417729516338186","0.055563210391058986","1.6391256961494767","33.89145810829779","-1.2374732554826728","0.05672666605922207","1.4268101071456658","23.81594533238132","-1.2391523842100467","0.054941817651535226","1.302913749831223","19.91956848098717","-1.1087291148960503","0.05684675316891747"
"1.9697277187065811","63.153774799680235","-1.4673388913381853","0.054594084628424244","1.6490475711494765","35.17708695678708","-1.287082630482673","0.05555035044197944","1.436731982145666","23.786327602936602","-1.2490742592100474","0.05519622526770833","1.312835624831223","20.140056022408967","-1.1186509898960502","0.054594084628424244"
"1.979649593706581","66.09799649707378","-1.477260766338186","0.055812702588880145","1.6589694461494764","36.12375734607569","-1.2970045054826738","0.054594084628424244","1.446653857145666","24.112122626828512","-1.2887617592100469","0.05823369027031919","1.3227574998312228","20.692920305377054","-1.1484166148960497","0.054594084628424244"
"1.9994933437065812","68.56394671158225","-1.487182641338186","0.05715318234538163","1.6688913211494767","36.56144157009209","-1.3168482554826735","0.05635518413256696","1.4565757321456658","24.773585251093905","-1.2986836342100467","0.05491334828122204","1.3326793748312231","20.521795646363124","-1.1781822398960502","0.05526258362387433"
"2.0193370937065813","70.42766976071475","","","1.6788131961494765","37.836100889157414","-1.346613880482673","0.05707563392971625","1.476419482145666","25.01710880430604","-1.3086055092100466","0.054594084628424244","1.342601249831223","20.98514856923162","-1.1980259898960508","0.054594084628424244"
"2.029258968706581","74.946018930448","","","1.6887350711494764","38.187125830724455","-1.356535755482673","0.0549767534459132","1.4863413571456658","25.87743332627169","-1.348293009210047","0.054594084628424244","1.3525231248312233","21.153640541183798","-1.24763536489605","0.05535482187324655"
"2.049102718706581","77.70902400175757","","","1.6986569461494767","39.50083667453911","-1.3664576304826728","0.054594084628424244","1.4962632321456661","26.083347064315927","-1.3582148842100468","0.054594084628424244","1.3624449998312231","21.18435522357091","-1.25755723989605","0.054594084628424244"
"2.059024593706581","80.92221856062687","","","1.7085788211494766","40.50389044506692","-1.406145130482673","0.05486170269032828","1.506185107145666","27.10790111251473","-1.3681367592100466","0.05520750130964249","1.372366874831223","22.013651648023046","-1.2972447398960503","0.05494404670937568"
"2.068946468706581","82.46892220940666","","","1.7185006961494764","41.48456637556984","-1.4160670054826738","0.056037678212348924","1.5161069821456659","27.028920500662146","-1.397902384210047","0.05600600061019384","1.3822887498312229","21.08594287388158","-1.3071666148960501","0.05549850470509995"
"2.0788683437065814","86.97081708500394","","","1.7284225711494763","41.578904328615984","-1.4557545054826733","0.05654387336515367","1.5260288571456657","28.4725105728566","-1.4276680092100467","0.05557535085540572","1.3922106248312232","21.750382941847764","-1.3170884898960509","0.05614505294173174"
"2.088790218706581","91.76888925504844","","","1.7383444461494766","42.2677907764413","-1.475598255482673","0.05619979299984848","1.535950732145666","29.22282638545615","-1.4375898842100465","0.05531242784721929","1.402132499831223","22.540189060373606","-1.3369322398960506","0.054594084628424244"
"2.108633968706581","95.88246278903719","","","1.7482663211494764","42.78774647113748","","","1.5458726071456659","29.739491221325135","-1.4772773842100468","0.0561689139927057","1.4120543748312233","22.641108731074134","-1.3666978648960502","0.05702234912876827"
"2.1185558437065812","101.74348236026438","","","1.7581881961494767","43.43275480126692","","","1.5557944821456662","29.59140257410154","-1.4971211342100474","0.05492217407931622","1.4219762498312232","23.391424543673683","-1.37661973989605","0.055244014207334054"
"2.128477718706581","108.45354350890685","","","1.7681100711494766","43.54464400139141","","","1.565716357145666","30.11135826879772","","","1.431898124831223","22.914250013730985","-1.3865416148960499","0.05586371450350388"
"2.1383995937065814","113.55437469105291","","","1.7780319461494765","44.81710941457193","","","1.5855601071456658","31.677807070540638","","","1.4418199998312229","23.645917626309785","-1.43615098989605","0.05623848476783461"
"2.158243343706581","127.06225322372958","","","1.7879538211494763","46.024635213562554","","","1.595481982145666","33.22121986049322","","","1.461663749831223","24.562970286153682","-1.4460728648960508","0.055270362703776346"
"2.168165218706581","138.50237545998795","","","1.7978756961494766","47.184333864264666","","","1.605403857145666","33.66548580216401","","","1.471585624831223","25.65992322855068","-1.4659166148960505","0.054594084628424244"
"2.1780870937065813","146.79863056333647","","","1.8077975711494765","47.603369888260325","","","1.6153257321456658","34.81991907874261","","","1.4815074998312232","26.44797422236869","-1.50560411489605","0.0560358298210763"
"2.188008968706581","156.8203926450755","","","1.8177194461494763","48.355879606744665","","","1.625247607145666","34.68894289742041","","","1.491429374831223","26.83585678280027","",""
"2.2078527187065813","165.90140788341483","","","1.8375631961494765","50.11319822046467","","","1.635169482145666","35.52811189835412","","","1.501351249831223","26.840244594569857","",""
"2.227696468706581","172.98822535550173","","","1.8474850711494764","49.74900984358886","","","1.6450913571456658","35.75715567272661","","","1.521194999831223","27.682704454330757","",""
"2.237618343706581","181.66330532212888","","","1.8574069461494767","49.8795472437341","","","1.655013232145666","36.25539169916333","","","1.531116874831223","28.02824463118581","",""
"2.2574620937065815","197.5480614903914","","","1.8673288211494765","50.903004338990506","","","1.664935107145666","36.199447099101086","","","1.5410387498312232","28.86741363211952","",""
"2.2673839687065813","207.71111111111114","","","1.8772506961494764","51.91658885776533","","","1.6748569821456658","37.22948591201187","","","1.550960624831223","29.65063803299098","",""
"2.287227718706581","225.03419197744464","","","1.8970944461494765","52.08113179912489","","","1.684778857145666","38.802516431409174","","","1.5708043748312228","30.26632780265999","",""
"2.297149593706581","237.48482726423907","","","1.9070163211494764","53.82748088342091","","","1.694700732145666","40.22745830358288","","","1.5807262498312231","31.75547133886235","",""
"2.307071468706581","248.12417385254759","","","1.9169381961494767","54.845453213965335","","","1.7046226071456658","41.45823950495232","","","1.590648124831223","33.29361875469142","",""
"2.3269152187065814","254.98890536606802","","","1.9268600711494765","57.171432233023936","","","1.724466357145666","42.70218414163052","","","1.6005699998312233","33.830028743523556","",""
"2.336837093706581","264.94704417714803","","","1.9467038211494767","56.3197579685469","","","1.7343882321456658","43.07076033027591","","","1.620413749831223","34.52110909723367","",""
"2.346758968706581","277.6925404148588","","","1.9566256961494766","58.37544778259889","","","1.7443101071456661","43.54990937551492","","","1.6303356248312229","35.06300385077779","",""
"2.356680843706581","286.36263708097624","","","1.9665475711494764","60.89843955011199","","","1.7641538571456659","43.9889099430622","","","1.6402574998312232","36.03051634597195","",""
"2.376524593706581","299.7972391571008","","","1.9863913211494766","62.96729279947274","","","1.7740757321456657","44.887314402885345","","","1.6601012498312229","36.56363547597689","",""
"2.3864464687065814","307.1128183299464","","","1.9963131961494764","63.29308782336465","","","1.783997607145666","46.49588619761631","","","1.6700231248312232","37.95512028340749","",""
"2.3963683437065812","321.5136165577343","","","2.0062350711494767","67.33360429138976","","","1.7939194821456659","47.6121455117995","","","1.679944999831223","39.376222820282806","",""
"2.416212093706581","337.0201433514583","","","2.0161569461494766","69.63786364218892","","","1.8038413571456657","47.7569433001959","","","1.6898668748312229","40.46440013914063","",""
"2.4261339687065813","344.53646491276254","","","2.0260788211494765","69.87151461891948","","","1.823685107145666","48.250572124274555","","","1.6997887498312232","41.359513740136585","",""
"2.436055843706581","350.35799417806345","","","2.0360006961494763","70.66790245509969","","","1.8336069821456658","49.26509688842858","","","1.709710624831223","41.18838908112265","",""
"2.4459777187065814","357.09109133849626","","","2.0459225711494766","72.80169531865035","","","1.843528857145666","50.078095726307964","","","1.719632499831223","41.985508219264474","",""
"2.4558995937065813","362.11030922172796","","","2.0558444461494765","76.28737298841106","","","1.853450732145666","50.578306268041","","","1.7295543748312232","42.43233371780085","",""
"2.465821468706581","376.0628924772524","","","2.065766321149477","78.77657860529834","","","1.873294482145666","52.70112960216767","","","1.739476249831223","43.27259967167696","",""
"2.475743343706581","386.1274357237449","","","2.0856100711494765","81.07096537961591","","","1.883216357145666","53.05390966844255","","","1.749398124831223","43.92967448417276","",""
"2.495587093706581","396.0825030665861","","","2.0955319461494764","89.76585318223151","","","1.8931382321456658","54.54598506069095","","","1.7593199998312232","44.36077699053478","",""
"2.5055089687065815","404.18657201442676","","","2.105453821149476","99.37406400468686","","","1.903060107145666","55.211835496725925","","","1.769241874831223","45.38752494461838","",""
"2.5154308437065813","419.2883231724063","","","2.125297571149477","102.27111672555733","","","1.9229038571456658","56.688334157192294","","","1.779163749831223","46.720322769630734","",""
"2.535274593706581","436.4007890737995","","","2.1352194461494767","105.14623038757989","","","1.932825732145666","57.66901008769522","","","1.7890856248312232","47.116322781836054","",""
"2.545196468706581","443.84471174090555","","","2.1451413211494765","109.72381501620258","","","1.942747607145666","58.15868988118124","","","1.799007499831223","47.493674594020625","",""
"2.555118343706581","447.47781988612445","","","2.1550631961494764","117.38712827178803","","","1.9526694821456658","60.351425682836684","","","1.8188512498312228","48.678383771809386","",""
"2.565040218706581","457.03118306145996","","","2.1649850711494762","127.8334111422347","","","1.9625913571456657","61.28237307995094","","","1.8287731248312231","49.87625638490691","",""
"2.584883968706581","471.05024166529364","","","2.1848288211494764","135.9519598689149","","","1.972513232145666","62.860668973471746","","","1.838694999831223","50.72749186820698","",""
"2.594805843706581","479.6558374983981","","","2.1947506961494767","141.74387140477108","","","1.9824351071456658","66.85270012144292","","","1.8486168748312233","51.21892678640084","",""
"2.6146495937065812","497.04473554127543","","","2.2046725711494766","152.6793952875268","","","1.9923569821456657","68.99614617088666","","","1.868460624831223","52.658129046825714","",""
"2.624571468706581","522.7759607110819","","","2.2145944461494764","161.76106869763157","","","2.002278857145666","68.81405198244877","","","1.8783824998312229","53.347015494651025","",""
"2.6444152187065812","536.1222737460998","","","2.2344381961494766","167.6933902101146","","","2.012200732145666","70.16549800748187","","","1.8883043748312232","54.04906537778511","",""
"2.654337093706581","538.1607257281998","","","2.2443600711494764","175.56951233652504","","","2.0221226071456657","70.93775287892936","","","1.9081481248312229","54.38802383698578","",""
"2.664258968706581","545.8525597602877","","","2.2542819461494767","187.8860999737586","","","2.032044482145666","73.58689423481812","","","1.9180699998312232","55.648422767799936","",""
"2.6741808437065813","551.84411673166","","","2.2642038211494766","202.45692590761797","","","2.051888232145666","78.2039691693671","","","1.927991874831223","57.981641676278365","",""
"2.6940245937065814","573.2096885813149","","","2.2840475711494763","217.4928598890537","","","2.061810107145666","81.21400804330449","","","1.9379137498312229","59.26507661888286","",""
"2.713868343706581","582.7365054954445","","","2.3038913211494765","231.34408469270065","","","2.071731982145666","86.34226304901047","","","1.9478356248312232","60.14209049632926","",""
"2.723790218706581","599.5207630764726","","","2.313813196149477","244.33310448362354","","","2.0816538571456658","90.2814210651581","","","1.957757499831223","60.88088830303364","",""
"","","","","2.3237350711494766","253.12957012870513","","","2.101497607145666","94.40377022268605","","","1.967679374831223","62.01294373958735","",""
"","","","","2.3435788211494764","261.7713654089087","","","2.111419482145666","96.75124951941562","","","1.9776012498312232","63.109896681984345","",""
"","","","","2.3535006961494767","265.02470844546974","","","2.121341357145666","105.72871239999269","","","1.997444999831223","65.12829009599484","",""
"","","","","2.3634225711494765","285.2384797056078","","","2.141185107145666","119.43184855641604","","","2.007366874831223","70.24009080756487","",""
"","","","","2.3832663211494767","307.97831420149765","","","2.1511069821456656","126.08925596382346","","","2.017288749831223","71.7670493033815","",""
"","","","","2.4031100711494764","313.9183143845774","","","2.161028857145666","130.285100968492","","","2.027210624831223","77.3264068154495","",""
"","","","","2.4130319461494762","320.67444755680054","","","2.170950732145666","134.06300690210728","","","2.0371324998312232","77.9143735925743","",""
"","","","","2.4229538211494765","329.38535087237517","","","2.180872607145666","137.48550008238593","","","2.047054374831223","79.56419081793939","",""
"","","","","2.4328756961494764","343.04570586404503","","","2.190794482145666","147.20669705790814","","","2.056976249831223","79.19122681752441","",""
"","","","","2.4626413211494764","358.6575401402392","","","2.200716357145666","155.01590505483242","","","2.066898124831223","80.43078364243303","",""
"","","","","2.4725631961494763","369.9254407645412","","","2.220560107145666","168.7782766701452","","","2.076819999831223","81.74493326742463","",""
"","","","","2.4824850711494766","389.17038318595417","","","2.230481982145666","187.10177861994472","","","2.086741874831223","85.80804696606313","",""
"","","","","2.5023288211494767","402.4457076948427","","","2.240403857145666","198.21500887936878","","","2.0966637498312233","91.51659007829713","",""
"","","","","2.5221725711494765","408.35609014847773","","","2.250325732145666","203.7633968620128","","","2.106585624831223","99.17770942799778","",""
"","","","","2.5320944461494763","416.7971430402227","","","2.2701694821456657","205.72474872301865","","","2.116507499831223","107.82169861408617","",""
"","","","","2.5420163211494766","427.57141484044604","","","2.280091357145666","210.60509236374293","","","2.126429374831223","111.6566461007061","",""
"","","","","2.561860071149477","434.15971421248247","","","2.290013232145666","231.67646143424693","","","2.146273124831223","119.49327792119027","",""
"","","","","2.5717819461494766","447.24745976822106","","","2.299935107145666","244.41603412606875","","","2.1561949998312233","122.66347192471761","",""
"","","","","2.5817038211494765","463.47797550392715","","","2.309856982145666","255.28837351934243","","","2.166116874831223","128.22941115444002","",""
"","","","","2.5916256961494764","486.30995404697836","","","2.319778857145666","262.4394097508285","","","2.185960624831223","150.85296863843578","",""
"","","","","2.6213913211494764","489.16641950898014","","","2.3297007321456658","276.18203621317815","","","2.1958824998312227","155.70150064383054","",""
"","","","","2.6313131961494767","498.3501095427278","","","2.349544482145666","290.4018372054705","","","2.205804374831223","164.0558942531261","",""
"","","","","2.6511569461494764","523.3957391235363","","","2.369388232145666","291.7254206257667","","","2.2157262498312233","169.93336811848926","",""
"","","","","2.6610788211494762","533.7608474762454","","","2.379310107145666","306.238546834856","","","2.225648124831223","176.85294727912952","",""
"","","","","2.6710006961494765","539.6383213416086","","","2.389231982145666","320.32693286464917","","","2.235569999831223","186.70029384302742","",""
"","","","","2.6809225711494764","551.3855904017381","","","2.3991538571456656","331.5737719924572","","","2.255413749831223","198.04388422035484","",""
"","","","","2.7007663211494766","571.0640486259864","","","2.409075732145666","339.31387195401044","","","2.265335624831223","208.49565185551347","",""
"","","","","2.7206100711494763","572.9629681938136","","","2.418997607145666","343.6512238882482","","","2.275257499831223","228.0663893008184","",""
"","","","","2.7305319461494766","587.5005721242746","","","2.428919482145666","350.69695263726413","","","2.2851793748312232","238.13641731202287","",""
"","","","","","","","","2.438841357145666","360.3139390832586","","","2.305023124831223","242.5231321286685","",""
"","","","","","","","","2.4586851071456657","370.74289009721537","","","2.314944999831223","247.19779709269332","",""
"","","","","","","","","2.468606982145666","380.1600117171052","","","2.324866874831223","258.42894979342503","",""
"","","","","","","","","2.478528857145666","395.0215301806998","","","2.334788749831223","281.92787572545365","",""
"","","","","","","","","2.488450732145666","409.11956939638605","","","2.354632499831223","293.2462361851059","",""
"","","","","","","","","2.498372607145666","415.88030977096724","","","2.364554374831223","303.64754398491425","",""
"","","","","","","","","2.508294482145666","419.7194256787683","","","2.374476249831223","315.4156551509493","",""
"","","","","","","","","2.5182163571456657","423.786269017411","","","2.384398124831223","321.2580265221557","",""
"","","","","","","","","2.528138232145666","430.0823401255928","","","2.394319999831223","326.0407413510067","",""
"","","","","","","","","2.538060107145666","439.09271159444177","","","2.414163749831223","333.27185514728774","",""
"","","","","","","","","2.547981982145666","458.4758700865968","","","2.424085624831223","348.3670245876129","",""
"","","","","","","","","2.557903857145666","466.4792387543253","","","2.434007499831223","367.4353575853","",""
"","","","","","","","","2.567825732145666","474.353166974851","","","2.453851249831223","379.56107541055644","",""
"","","","","","","","","2.5777476071456658","485.08904542209046","","","2.4637731248312233","381.57903004338993","",""
"","","","","","","","","2.587669482145666","492.1808461946871","","","2.473694999831223","385.7413082880212","",""
"","","","","","","","","2.597591357145666","500.5220763686739","","","2.483616874831223","393.6722780615515","",""
"","","","","","","","","2.6075132321456658","502.85419832420996","","","2.493538749831223","405.97021749876427","",""
"","","","","","","","","2.617435107145666","507.7575779767246","","","2.513382499831223","421.7011808645027","",""
"","","","","","","","","2.627356982145666","528.1301880229216","","","2.523304374831223","431.1814869738746","",""
"","","","","","","","","2.637278857145666","544.7292799472731","","","2.5332262498312232","437.6184068398602","",""
"","","","","","","","","2.6472007321456656","555.8279364033195","","","2.543148124831223","451.5519031141869","",""
"","","","","","","","","2.657122607145666","558.7944105746875","","","2.562991874831223","457.17927170868353","",""
"","","","","","","","","2.667044482145666","566.2876961242014","","","2.572913749831223","465.955992200802","",""
"","","","","","","","","2.676966357145666","572.5699456253091","","","2.582835624831223","486.00719503487676","",""
"","","","","","","","","2.686888232145666","586.6100657256368","","","2.5927574998312233","507.30124555268736","",""
"","","","","","","","","2.7067319821456657","591.021791069369","","","2.612601249831223","515.5525255853977","",""
"","","","","","","","","2.716653857145666","604.596583731532","","","2.622523124831223","518.776250892514","",""
"","","","","","","","","","","","","2.632444999831223","529.0165260003785","",""
"","","","","","","","","","","","","2.642366874831223","536.2827422908163","",""
"","","","","","","","","","","","","2.6522887498312233","543.1590701640133","",""
"","","","","","","","","","","","","2.662210624831223","555.7470753007086","",""
"","","","","","","","","","","","","2.672132499831223","572.1267766365806","",""
"","","","","","","","","","","","","2.682054374831223","585.9834862049396","",""
"","","","","","","","","","","","","2.701898124831223","589.8184336915596","",""
"","","","","","","","","","","","","2.711819999831223","599.6339686201279","",""
